{"title":"Zizhe Zhou","markdown":{"yaml":{"title":"Zizhe Zhou"},"headingText":"Skills","containsRefs":false,"markdown":"\n\nHi! I'm Zizhe Zhou, an undergraduate studying Economics and Mathematics at the University of Colorado Denver.  \nI'm passionate about data analysis, applied math, and telling stories with numbers.\n\n\n- Python, R, SAS, SQL\n- Data visualization & modeling\n- Machine learning (Scikit-Learn, PyTorch)\n\n##  Education\n\n- B.A. in Economics & Mathematics – University of Colorado Denver (expected 2026)\n- Minor in Big Data Science & Business Analytics\n- GPA: 3.92 \n\n## Hobby\n- Play Basketball\n- Play Computer games\n- Plane Spotting(I want to talk in detail)\n- This is Lufthansa B747-8 flying from Los Angeles to Frankfurt\n- You can also spot Qantas, Korean Air, and Emirates aircraft parked at the Tom Bradley International Terminal. This terminal is where many international students first arrive in the U.S.—and where they later bid farewell as they return to their home countries.\n- You can take CZ328, China Southern Airlines to Guangzhou. That's my hometown\n![Lufthansa B747](Lufthansa.jpg)\n- Here is the picture of TB at night. \n- The blue A380 is China Southern Airline. But after the pandemic, they were all retired and change to B787\n\n![TB](TB at night.jpg)\n![CZ](CZ.jpg)\n\n- Do you know? Denver now have A380! It just launched a new route to Munich operated by Lufthansa A380! The following picture is from tiktok. I really want to see it!\n![DEN](DEN.jpg)\n\n##  Contact Me\n\n- [<i class=\"bi bi-envelope\"></i> Email](mailto:yourname@example.com)\n- [<i class=\"bi bi-github\"></i> GitHub](https://github.com/)\n- [<i class=\"bi bi-tiktok\"></i> TikTok](https://www.tiktok.com/)\n","srcMarkdownNoYaml":"\n\nHi! I'm Zizhe Zhou, an undergraduate studying Economics and Mathematics at the University of Colorado Denver.  \nI'm passionate about data analysis, applied math, and telling stories with numbers.\n\n##  Skills\n\n- Python, R, SAS, SQL\n- Data visualization & modeling\n- Machine learning (Scikit-Learn, PyTorch)\n\n##  Education\n\n- B.A. in Economics & Mathematics – University of Colorado Denver (expected 2026)\n- Minor in Big Data Science & Business Analytics\n- GPA: 3.92 \n\n## Hobby\n- Play Basketball\n- Play Computer games\n- Plane Spotting(I want to talk in detail)\n- This is Lufthansa B747-8 flying from Los Angeles to Frankfurt\n- You can also spot Qantas, Korean Air, and Emirates aircraft parked at the Tom Bradley International Terminal. This terminal is where many international students first arrive in the U.S.—and where they later bid farewell as they return to their home countries.\n- You can take CZ328, China Southern Airlines to Guangzhou. That's my hometown\n![Lufthansa B747](Lufthansa.jpg)\n- Here is the picture of TB at night. \n- The blue A380 is China Southern Airline. But after the pandemic, they were all retired and change to B787\n\n![TB](TB at night.jpg)\n![CZ](CZ.jpg)\n\n- Do you know? Denver now have A380! It just launched a new route to Munich operated by Lufthansa A380! The following picture is from tiktok. I really want to see it!\n![DEN](DEN.jpg)\n\n##  Contact Me\n\n- [<i class=\"bi bi-envelope\"></i> Email](mailto:yourname@example.com)\n- [<i class=\"bi bi-github\"></i> GitHub](https://github.com/)\n- [<i class=\"bi bi-tiktok\"></i> TikTok](https://www.tiktok.com/)\n"},"formats":{"html":{"identifier":{"display-name":"HTML","target-format":"html","base-format":"html"},"execute":{"fig-width":7,"fig-height":5,"fig-format":"retina","fig-dpi":96,"df-print":"default","error":false,"eval":true,"cache":null,"freeze":false,"echo":true,"output":true,"warning":true,"include":true,"keep-md":false,"keep-ipynb":false,"ipynb":null,"enabled":null,"daemon":null,"daemon-restart":false,"debug":false,"ipynb-filters":[],"ipynb-shell-interactivity":null,"plotly-connected":true,"engine":"markdown"},"render":{"keep-tex":false,"keep-typ":false,"keep-source":false,"keep-hidden":false,"prefer-html":false,"output-divs":true,"output-ext":"html","fig-align":"default","fig-pos":null,"fig-env":null,"code-fold":"none","code-overflow":"scroll","code-link":false,"code-line-numbers":false,"code-tools":false,"tbl-colwidths":"auto","merge-includes":true,"inline-includes":false,"preserve-yaml":false,"latex-auto-mk":true,"latex-auto-install":true,"latex-clean":true,"latex-min-runs":1,"latex-max-runs":10,"latex-makeindex":"makeindex","latex-makeindex-opts":[],"latex-tlmgr-opts":[],"latex-input-paths":[],"latex-output-dir":null,"link-external-icon":false,"link-external-newwindow":false,"self-contained-math":false,"format-resources":[],"notebook-links":true},"pandoc":{"standalone":true,"wrap":"none","default-image-extension":"png","to":"html","css":["styles.css"],"toc":true,"output-file":"about.html"},"language":{"toc-title-document":"Table of contents","toc-title-website":"On this page","related-formats-title":"Other Formats","related-notebooks-title":"Notebooks","source-notebooks-prefix":"Source","other-links-title":"Other Links","code-links-title":"Code Links","launch-dev-container-title":"Launch Dev Container","launch-binder-title":"Launch Binder","article-notebook-label":"Article Notebook","notebook-preview-download":"Download Notebook","notebook-preview-download-src":"Download Source","notebook-preview-back":"Back to Article","manuscript-meca-bundle":"MECA Bundle","section-title-abstract":"Abstract","section-title-appendices":"Appendices","section-title-footnotes":"Footnotes","section-title-references":"References","section-title-reuse":"Reuse","section-title-copyright":"Copyright","section-title-citation":"Citation","appendix-attribution-cite-as":"For attribution, please cite this work as:","appendix-attribution-bibtex":"BibTeX citation:","appendix-view-license":"View License","title-block-author-single":"Author","title-block-author-plural":"Authors","title-block-affiliation-single":"Affiliation","title-block-affiliation-plural":"Affiliations","title-block-published":"Published","title-block-modified":"Modified","title-block-keywords":"Keywords","callout-tip-title":"Tip","callout-note-title":"Note","callout-warning-title":"Warning","callout-important-title":"Important","callout-caution-title":"Caution","code-summary":"Code","code-tools-menu-caption":"Code","code-tools-show-all-code":"Show All Code","code-tools-hide-all-code":"Hide All Code","code-tools-view-source":"View Source","code-tools-source-code":"Source Code","tools-share":"Share","tools-download":"Download","code-line":"Line","code-lines":"Lines","copy-button-tooltip":"Copy to Clipboard","copy-button-tooltip-success":"Copied!","repo-action-links-edit":"Edit this page","repo-action-links-source":"View source","repo-action-links-issue":"Report an issue","back-to-top":"Back to top","search-no-results-text":"No results","search-matching-documents-text":"matching documents","search-copy-link-title":"Copy link to search","search-hide-matches-text":"Hide additional matches","search-more-match-text":"more match in this document","search-more-matches-text":"more matches in this document","search-clear-button-title":"Clear","search-text-placeholder":"","search-detached-cancel-button-title":"Cancel","search-submit-button-title":"Submit","search-label":"Search","toggle-section":"Toggle section","toggle-sidebar":"Toggle sidebar navigation","toggle-dark-mode":"Toggle dark mode","toggle-reader-mode":"Toggle reader mode","toggle-navigation":"Toggle navigation","crossref-fig-title":"Figure","crossref-tbl-title":"Table","crossref-lst-title":"Listing","crossref-thm-title":"Theorem","crossref-lem-title":"Lemma","crossref-cor-title":"Corollary","crossref-prp-title":"Proposition","crossref-cnj-title":"Conjecture","crossref-def-title":"Definition","crossref-exm-title":"Example","crossref-exr-title":"Exercise","crossref-ch-prefix":"Chapter","crossref-apx-prefix":"Appendix","crossref-sec-prefix":"Section","crossref-eq-prefix":"Equation","crossref-lof-title":"List of Figures","crossref-lot-title":"List of Tables","crossref-lol-title":"List of Listings","environment-proof-title":"Proof","environment-remark-title":"Remark","environment-solution-title":"Solution","listing-page-order-by":"Order By","listing-page-order-by-default":"Default","listing-page-order-by-date-asc":"Oldest","listing-page-order-by-date-desc":"Newest","listing-page-order-by-number-desc":"High to Low","listing-page-order-by-number-asc":"Low to High","listing-page-field-date":"Date","listing-page-field-title":"Title","listing-page-field-description":"Description","listing-page-field-author":"Author","listing-page-field-filename":"File Name","listing-page-field-filemodified":"Modified","listing-page-field-subtitle":"Subtitle","listing-page-field-readingtime":"Reading Time","listing-page-field-wordcount":"Word Count","listing-page-field-categories":"Categories","listing-page-minutes-compact":"{0} min","listing-page-category-all":"All","listing-page-no-matches":"No matching items","listing-page-words":"{0} words","listing-page-filter":"Filter","draft":"Draft"},"metadata":{"lang":"en","fig-responsive":true,"quarto-version":"1.7.29","theme":"cosmo","title":"Zizhe Zhou"},"extensions":{"book":{"multiFile":true}}}},"projectFormats":["html"]}